,destinations,origins,rows
0,"Piedad 110, Balcones de Huinala, 66640 Cd Apodaca, N.L., Mexico","Piedad 110, Balcones de Huinala, 66640 Cd Apodaca, N.L., Mexico","{'distance': {'text': '1 m', 'value': 0}, 'duration': {'text': '1 min', 'value': 0}, 'status': 'OK'}"
1,"Cerro de Mercado 3707, Fierro, 64590 Monterrey, N.L., Mexico","Piedad 110, Balcones de Huinala, 66640 Cd Apodaca, N.L., Mexico","{'distance': {'text': '18.9 km', 'value': 18859}, 'duration': {'text': '26 mins', 'value': 1567}, 'status': 'OK'}"
2,"Calle Cañon Huasteco 1321, La Conquista, Santa Catarina, N.L., Mexico","Piedad 110, Balcones de Huinala, 66640 Cd Apodaca, N.L., Mexico","{'distance': {'text': '40.4 km', 'value': 40396}, 'duration': {'text': '49 mins', 'value': 2955}, 'status': 'OK'}"
3,"Av. Parque Industrial Monterrey 502, Monterrey, 66603 Cd Apodaca, N.L., Mexico","Piedad 110, Balcones de Huinala, 66640 Cd Apodaca, N.L., Mexico","{'distance': {'text': '6.1 km', 'value': 6058}, 'duration': {'text': '14 mins', 'value': 845}, 'status': 'OK'}"
4,"S. Bernardo 1305, Residencial San Cristobal 1er Sector, 66478 San Nicolás de los Garza, N.L., Mexico","Piedad 110, Balcones de Huinala, 66640 Cd Apodaca, N.L., Mexico","{'distance': {'text': '9.9 km', 'value': 9867}, 'duration': {'text': '16 mins', 'value': 960}, 'status': 'OK'}"
5,"C. Angel Martínez Villarreal 7802, Valle de Santa Lucía, 64140 Monterrey, N.L., Mexico","Piedad 110, Balcones de Huinala, 66640 Cd Apodaca, N.L., Mexico","{'distance': {'text': '27.5 km', 'value': 27525}, 'duration': {'text': '46 mins', 'value': 2740}, 'status': 'OK'}"
6,"C. de la Huerta 33, San Bernabé IV Sector, 64104 Monterrey, N.L., Mexico","Piedad 110, Balcones de Huinala, 66640 Cd Apodaca, N.L., Mexico","{'distance': {'text': '29.5 km', 'value': 29475}, 'duration': {'text': '50 mins', 'value': 3027}, 'status': 'OK'}"
7,"Autopista Monterrey-Cadereyta. 1341, 67115 Guadalupe, N.L., Mexico","Piedad 110, Balcones de Huinala, 66640 Cd Apodaca, N.L., Mexico","{'distance': {'text': '6.6 km', 'value': 6611}, 'duration': {'text': '15 mins', 'value': 899}, 'status': 'OK'}"
8,"Liverpool 5275, Misión Cumbres, 64348 Monterrey, N.L., Mexico","Piedad 110, Balcones de Huinala, 66640 Cd Apodaca, N.L., Mexico","{'distance': {'text': '36.8 km', 'value': 36789}, 'duration': {'text': '44 mins', 'value': 2669}, 'status': 'OK'}"
9,"Sin referencia No. 385 SN-I HYLSA, Sin Nombre de Col 7, San Nicolás de los Garza, N.L., Mexico","Piedad 110, Balcones de Huinala, 66640 Cd Apodaca, N.L., Mexico","{'distance': {'text': '11.9 km', 'value': 11877}, 'duration': {'text': '21 mins', 'value': 1278}, 'status': 'OK'}"
10,"Jdn. del Atardecer 259, Jardines de Monterrey ÌII, 66613 Cd Apodaca, N.L., Mexico","Piedad 110, Balcones de Huinala, 66640 Cd Apodaca, N.L., Mexico","{'distance': {'text': '15.9 km', 'value': 15872}, 'duration': {'text': '32 mins', 'value': 1931}, 'status': 'OK'}"
11,"Av. Industria del Vidrio 224, Parque Industrial Martel II, 66350 Santa Catarina, N.L., Mexico","Piedad 110, Balcones de Huinala, 66640 Cd Apodaca, N.L., Mexico","{'distance': {'text': '42.9 km', 'value': 42947}, 'duration': {'text': '50 mins', 'value': 2972}, 'status': 'OK'}"
12,"Prol Coahuila 919, Independencia, 64720 Monterrey, N.L., Mexico","Piedad 110, Balcones de Huinala, 66640 Cd Apodaca, N.L., Mexico","{'distance': {'text': '23.8 km', 'value': 23830}, 'duration': {'text': '32 mins', 'value': 1902}, 'status': 'OK'}"
13,"Cerro del Peñón 3504, Encinos de La Silla, 67182 Guadalupe, N.L., Mexico","Piedad 110, Balcones de Huinala, 66640 Cd Apodaca, N.L., Mexico","{'distance': {'text': '15.6 km', 'value': 15628}, 'duration': {'text': '34 mins', 'value': 2023}, 'status': 'OK'}"
14,"C. Cabo San Lucas 3632, Rincón de La Primavera 5o Sector, 67174 Guadalupe, N.L., Mexico","Piedad 110, Balcones de Huinala, 66640 Cd Apodaca, N.L., Mexico","{'distance': {'text': '24.6 km', 'value': 24576}, 'duration': {'text': '31 mins', 'value': 1888}, 'status': 'OK'}"
15,"Piedad 110, Balcones de Huinala, 66640 Cd Apodaca, N.L., Mexico","Cerro de Mercado 3707, Fierro, 64590 Monterrey, N.L., Mexico","{'distance': {'text': '15.5 km', 'value': 15494}, 'duration': {'text': '25 mins', 'value': 1511}, 'status': 'OK'}"
16,"Cerro de Mercado 3707, Fierro, 64590 Monterrey, N.L., Mexico","Cerro de Mercado 3707, Fierro, 64590 Monterrey, N.L., Mexico","{'distance': {'text': '1 m', 'value': 0}, 'duration': {'text': '1 min', 'value': 0}, 'status': 'OK'}"
17,"Calle Cañon Huasteco 1321, La Conquista, Santa Catarina, N.L., Mexico","Cerro de Mercado 3707, Fierro, 64590 Monterrey, N.L., Mexico","{'distance': {'text': '23.2 km', 'value': 23157}, 'duration': {'text': '30 mins', 'value': 1772}, 'status': 'OK'}"
18,"Av. Parque Industrial Monterrey 502, Monterrey, 66603 Cd Apodaca, N.L., Mexico","Cerro de Mercado 3707, Fierro, 64590 Monterrey, N.L., Mexico","{'distance': {'text': '17.4 km', 'value': 17421}, 'duration': {'text': '24 mins', 'value': 1451}, 'status': 'OK'}"
19,"S. Bernardo 1305, Residencial San Cristobal 1er Sector, 66478 San Nicolás de los Garza, N.L., Mexico","Cerro de Mercado 3707, Fierro, 64590 Monterrey, N.L., Mexico","{'distance': {'text': '11.3 km', 'value': 11319}, 'duration': {'text': '20 mins', 'value': 1201}, 'status': 'OK'}"
20,"C. Angel Martínez Villarreal 7802, Valle de Santa Lucía, 64140 Monterrey, N.L., Mexico","Cerro de Mercado 3707, Fierro, 64590 Monterrey, N.L., Mexico","{'distance': {'text': '16.6 km', 'value': 16560}, 'duration': {'text': '26 mins', 'value': 1559}, 'status': 'OK'}"
21,"C. de la Huerta 33, San Bernabé IV Sector, 64104 Monterrey, N.L., Mexico","Cerro de Mercado 3707, Fierro, 64590 Monterrey, N.L., Mexico","{'distance': {'text': '18.5 km', 'value': 18511}, 'duration': {'text': '31 mins', 'value': 1846}, 'status': 'OK'}"
22,"Autopista Monterrey-Cadereyta. 1341, 67115 Guadalupe, N.L., Mexico","Cerro de Mercado 3707, Fierro, 64590 Monterrey, N.L., Mexico","{'distance': {'text': '14.6 km', 'value': 14630}, 'duration': {'text': '16 mins', 'value': 970}, 'status': 'OK'}"
23,"Liverpool 5275, Misión Cumbres, 64348 Monterrey, N.L., Mexico","Cerro de Mercado 3707, Fierro, 64590 Monterrey, N.L., Mexico","{'distance': {'text': '19.5 km', 'value': 19532}, 'duration': {'text': '25 mins', 'value': 1521}, 'status': 'OK'}"
24,"Sin referencia No. 385 SN-I HYLSA, Sin Nombre de Col 7, San Nicolás de los Garza, N.L., Mexico","Cerro de Mercado 3707, Fierro, 64590 Monterrey, N.L., Mexico","{'distance': {'text': '10.5 km', 'value': 10540}, 'duration': {'text': '20 mins', 'value': 1217}, 'status': 'OK'}"
25,"Jdn. del Atardecer 259, Jardines de Monterrey ÌII, 66613 Cd Apodaca, N.L., Mexico","Cerro de Mercado 3707, Fierro, 64590 Monterrey, N.L., Mexico","{'distance': {'text': '20.3 km', 'value': 20329}, 'duration': {'text': '28 mins', 'value': 1703}, 'status': 'OK'}"
26,"Av. Industria del Vidrio 224, Parque Industrial Martel II, 66350 Santa Catarina, N.L., Mexico","Cerro de Mercado 3707, Fierro, 64590 Monterrey, N.L., Mexico","{'distance': {'text': '25.7 km', 'value': 25707}, 'duration': {'text': '30 mins', 'value': 1789}, 'status': 'OK'}"
27,"Prol Coahuila 919, Independencia, 64720 Monterrey, N.L., Mexico","Cerro de Mercado 3707, Fierro, 64590 Monterrey, N.L., Mexico","{'distance': {'text': '6.6 km', 'value': 6588}, 'duration': {'text': '12 mins', 'value': 721}, 'status': 'OK'}"
28,"Cerro del Peñón 3504, Encinos de La Silla, 67182 Guadalupe, N.L., Mexico","Cerro de Mercado 3707, Fierro, 64590 Monterrey, N.L., Mexico","{'distance': {'text': '8.6 km', 'value': 8586}, 'duration': {'text': '19 mins', 'value': 1134}, 'status': 'OK'}"
29,"C. Cabo San Lucas 3632, Rincón de La Primavera 5o Sector, 67174 Guadalupe, N.L., Mexico","Cerro de Mercado 3707, Fierro, 64590 Monterrey, N.L., Mexico","{'distance': {'text': '7.3 km', 'value': 7332}, 'duration': {'text': '12 mins', 'value': 699}, 'status': 'OK'}"
30,"Piedad 110, Balcones de Huinala, 66640 Cd Apodaca, N.L., Mexico","Calle Cañon Huasteco 1321, La Conquista, Santa Catarina, N.L., Mexico","{'distance': {'text': '38.2 km', 'value': 38191}, 'duration': {'text': '49 mins', 'value': 2939}, 'status': 'OK'}"
31,"Cerro de Mercado 3707, Fierro, 64590 Monterrey, N.L., Mexico","Calle Cañon Huasteco 1321, La Conquista, Santa Catarina, N.L., Mexico","{'distance': {'text': '23.6 km', 'value': 23600}, 'duration': {'text': '31 mins', 'value': 1867}, 'status': 'OK'}"
32,"Calle Cañon Huasteco 1321, La Conquista, Santa Catarina, N.L., Mexico","Calle Cañon Huasteco 1321, La Conquista, Santa Catarina, N.L., Mexico","{'distance': {'text': '1 m', 'value': 0}, 'duration': {'text': '1 min', 'value': 0}, 'status': 'OK'}"
33,"Av. Parque Industrial Monterrey 502, Monterrey, 66603 Cd Apodaca, N.L., Mexico","Calle Cañon Huasteco 1321, La Conquista, Santa Catarina, N.L., Mexico","{'distance': {'text': '54.2 km', 'value': 54213}, 'duration': {'text': '50 mins', 'value': 3022}, 'status': 'OK'}"
34,"S. Bernardo 1305, Residencial San Cristobal 1er Sector, 66478 San Nicolás de los Garza, N.L., Mexico","Calle Cañon Huasteco 1321, La Conquista, Santa Catarina, N.L., Mexico","{'distance': {'text': '34.0 km', 'value': 34016}, 'duration': {'text': '44 mins', 'value': 2629}, 'status': 'OK'}"
35,"C. Angel Martínez Villarreal 7802, Valle de Santa Lucía, 64140 Monterrey, N.L., Mexico","Calle Cañon Huasteco 1321, La Conquista, Santa Catarina, N.L., Mexico","{'distance': {'text': '22.7 km', 'value': 22737}, 'duration': {'text': '38 mins', 'value': 2288}, 'status': 'OK'}"
36,"C. de la Huerta 33, San Bernabé IV Sector, 64104 Monterrey, N.L., Mexico","Calle Cañon Huasteco 1321, La Conquista, Santa Catarina, N.L., Mexico","{'distance': {'text': '26.7 km', 'value': 26689}, 'duration': {'text': '39 mins', 'value': 2349}, 'status': 'OK'}"
37,"Autopista Monterrey-Cadereyta. 1341, 67115 Guadalupe, N.L., Mexico","Calle Cañon Huasteco 1321, La Conquista, Santa Catarina, N.L., Mexico","{'distance': {'text': '35.7 km', 'value': 35661}, 'duration': {'text': '40 mins', 'value': 2395}, 'status': 'OK'}"
38,"Liverpool 5275, Misión Cumbres, 64348 Monterrey, N.L., Mexico","Calle Cañon Huasteco 1321, La Conquista, Santa Catarina, N.L., Mexico","{'distance': {'text': '21.4 km', 'value': 21415}, 'duration': {'text': '35 mins', 'value': 2115}, 'status': 'OK'}"
39,"Sin referencia No. 385 SN-I HYLSA, Sin Nombre de Col 7, San Nicolás de los Garza, N.L., Mexico","Calle Cañon Huasteco 1321, La Conquista, Santa Catarina, N.L., Mexico","{'distance': {'text': '32.6 km', 'value': 32633}, 'duration': {'text': '47 mins', 'value': 2810}, 'status': 'OK'}"
40,"Jdn. del Atardecer 259, Jardines de Monterrey ÌII, 66613 Cd Apodaca, N.L., Mexico","Calle Cañon Huasteco 1321, La Conquista, Santa Catarina, N.L., Mexico","{'distance': {'text': '40.9 km', 'value': 40920}, 'duration': {'text': '48 mins', 'value': 2904}, 'status': 'OK'}"
41,"Av. Industria del Vidrio 224, Parque Industrial Martel II, 66350 Santa Catarina, N.L., Mexico","Calle Cañon Huasteco 1321, La Conquista, Santa Catarina, N.L., Mexico","{'distance': {'text': '7.1 km', 'value': 7118}, 'duration': {'text': '15 mins', 'value': 929}, 'status': 'OK'}"
42,"Prol Coahuila 919, Independencia, 64720 Monterrey, N.L., Mexico","Calle Cañon Huasteco 1321, La Conquista, Santa Catarina, N.L., Mexico","{'distance': {'text': '18.6 km', 'value': 18583}, 'duration': {'text': '29 mins', 'value': 1733}, 'status': 'OK'}"
43,"Cerro del Peñón 3504, Encinos de La Silla, 67182 Guadalupe, N.L., Mexico","Calle Cañon Huasteco 1321, La Conquista, Santa Catarina, N.L., Mexico","{'distance': {'text': '28.2 km', 'value': 28241}, 'duration': {'text': '42 mins', 'value': 2490}, 'status': 'OK'}"
44,"C. Cabo San Lucas 3632, Rincón de La Primavera 5o Sector, 67174 Guadalupe, N.L., Mexico","Calle Cañon Huasteco 1321, La Conquista, Santa Catarina, N.L., Mexico","{'distance': {'text': '24.7 km', 'value': 24728}, 'duration': {'text': '32 mins', 'value': 1948}, 'status': 'OK'}"
45,"Piedad 110, Balcones de Huinala, 66640 Cd Apodaca, N.L., Mexico","Av. Parque Industrial Monterrey 502, Monterrey, 66603 Cd Apodaca, N.L., Mexico","{'distance': {'text': '8.4 km', 'value': 8374}, 'duration': {'text': '16 mins', 'value': 944}, 'status': 'OK'}"
46,"Cerro de Mercado 3707, Fierro, 64590 Monterrey, N.L., Mexico","Av. Parque Industrial Monterrey 502, Monterrey, 66603 Cd Apodaca, N.L., Mexico","{'distance': {'text': '18.5 km', 'value': 18486}, 'duration': {'text': '22 mins', 'value': 1331}, 'status': 'OK'}"
47,"Calle Cañon Huasteco 1321, La Conquista, Santa Catarina, N.L., Mexico","Av. Parque Industrial Monterrey 502, Monterrey, 66603 Cd Apodaca, N.L., Mexico","{'distance': {'text': '40.0 km', 'value': 40023}, 'duration': {'text': '45 mins', 'value': 2719}, 'status': 'OK'}"
48,"Av. Parque Industrial Monterrey 502, Monterrey, 66603 Cd Apodaca, N.L., Mexico","Av. Parque Industrial Monterrey 502, Monterrey, 66603 Cd Apodaca, N.L., Mexico","{'distance': {'text': '1 m', 'value': 0}, 'duration': {'text': '1 min', 'value': 0}, 'status': 'OK'}"
49,"S. Bernardo 1305, Residencial San Cristobal 1er Sector, 66478 San Nicolás de los Garza, N.L., Mexico","Av. Parque Industrial Monterrey 502, Monterrey, 66603 Cd Apodaca, N.L., Mexico","{'distance': {'text': '8.8 km', 'value': 8774}, 'duration': {'text': '13 mins', 'value': 781}, 'status': 'OK'}"
50,"C. Angel Martínez Villarreal 7802, Valle de Santa Lucía, 64140 Monterrey, N.L., Mexico","Av. Parque Industrial Monterrey 502, Monterrey, 66603 Cd Apodaca, N.L., Mexico","{'distance': {'text': '26.0 km', 'value': 26042}, 'duration': {'text': '42 mins', 'value': 2549}, 'status': 'OK'}"
51,"C. de la Huerta 33, San Bernabé IV Sector, 64104 Monterrey, N.L., Mexico","Av. Parque Industrial Monterrey 502, Monterrey, 66603 Cd Apodaca, N.L., Mexico","{'distance': {'text': '28.0 km', 'value': 27993}, 'duration': {'text': '47 mins', 'value': 2836}, 'status': 'OK'}"
52,"Autopista Monterrey-Cadereyta. 1341, 67115 Guadalupe, N.L., Mexico","Av. Parque Industrial Monterrey 502, Monterrey, 66603 Cd Apodaca, N.L., Mexico","{'distance': {'text': '19.9 km', 'value': 19873}, 'duration': {'text': '20 mins', 'value': 1223}, 'status': 'OK'}"
53,"Liverpool 5275, Misión Cumbres, 64348 Monterrey, N.L., Mexico","Av. Parque Industrial Monterrey 502, Monterrey, 66603 Cd Apodaca, N.L., Mexico","{'distance': {'text': '36.4 km', 'value': 36416}, 'duration': {'text': '41 mins', 'value': 2434}, 'status': 'OK'}"
54,"Sin referencia No. 385 SN-I HYLSA, Sin Nombre de Col 7, San Nicolás de los Garza, N.L., Mexico","Av. Parque Industrial Monterrey 502, Monterrey, 66603 Cd Apodaca, N.L., Mexico","{'distance': {'text': '10.4 km', 'value': 10394}, 'duration': {'text': '18 mins', 'value': 1087}, 'status': 'OK'}"
55,"Jdn. del Atardecer 259, Jardines de Monterrey ÌII, 66613 Cd Apodaca, N.L., Mexico","Av. Parque Industrial Monterrey 502, Monterrey, 66603 Cd Apodaca, N.L., Mexico","{'distance': {'text': '24.2 km', 'value': 24197}, 'duration': {'text': '27 mins', 'value': 1624}, 'status': 'OK'}"
56,"Av. Industria del Vidrio 224, Parque Industrial Martel II, 66350 Santa Catarina, N.L., Mexico","Av. Parque Industrial Monterrey 502, Monterrey, 66603 Cd Apodaca, N.L., Mexico","{'distance': {'text': '42.6 km', 'value': 42574}, 'duration': {'text': '46 mins', 'value': 2736}, 'status': 'OK'}"
57,"Prol Coahuila 919, Independencia, 64720 Monterrey, N.L., Mexico","Av. Parque Industrial Monterrey 502, Monterrey, 66603 Cd Apodaca, N.L., Mexico","{'distance': {'text': '23.5 km', 'value': 23457}, 'duration': {'text': '28 mins', 'value': 1666}, 'status': 'OK'}"
58,"Cerro del Peñón 3504, Encinos de La Silla, 67182 Guadalupe, N.L., Mexico","Av. Parque Industrial Monterrey 502, Monterrey, 66603 Cd Apodaca, N.L., Mexico","{'distance': {'text': '18.9 km', 'value': 18902}, 'duration': {'text': '30 mins', 'value': 1816}, 'status': 'OK'}"
59,"C. Cabo San Lucas 3632, Rincón de La Primavera 5o Sector, 67174 Guadalupe, N.L., Mexico","Av. Parque Industrial Monterrey 502, Monterrey, 66603 Cd Apodaca, N.L., Mexico","{'distance': {'text': '24.2 km', 'value': 24203}, 'duration': {'text': '28 mins', 'value': 1653}, 'status': 'OK'}"
60,"Piedad 110, Balcones de Huinala, 66640 Cd Apodaca, N.L., Mexico","S. Bernardo 1305, Residencial San Cristobal 1er Sector, 66478 San Nicolás de los Garza, N.L., Mexico","{'distance': {'text': '9.1 km', 'value': 9058}, 'duration': {'text': '18 mins', 'value': 1109}, 'status': 'OK'}"
61,"Cerro de Mercado 3707, Fierro, 64590 Monterrey, N.L., Mexico","S. Bernardo 1305, Residencial San Cristobal 1er Sector, 66478 San Nicolás de los Garza, N.L., Mexico","{'distance': {'text': '11.6 km', 'value': 11612}, 'duration': {'text': '16 mins', 'value': 970}, 'status': 'OK'}"
62,"Calle Cañon Huasteco 1321, La Conquista, Santa Catarina, N.L., Mexico","S. Bernardo 1305, Residencial San Cristobal 1er Sector, 66478 San Nicolás de los Garza, N.L., Mexico","{'distance': {'text': '33.1 km', 'value': 33149}, 'duration': {'text': '39 mins', 'value': 2358}, 'status': 'OK'}"
63,"Av. Parque Industrial Monterrey 502, Monterrey, 66603 Cd Apodaca, N.L., Mexico","S. Bernardo 1305, Residencial San Cristobal 1er Sector, 66478 San Nicolás de los Garza, N.L., Mexico","{'distance': {'text': '11.0 km', 'value': 10984}, 'duration': {'text': '17 mins', 'value': 1049}, 'status': 'OK'}"
64,"S. Bernardo 1305, Residencial San Cristobal 1er Sector, 66478 San Nicolás de los Garza, N.L., Mexico","S. Bernardo 1305, Residencial San Cristobal 1er Sector, 66478 San Nicolás de los Garza, N.L., Mexico","{'distance': {'text': '1 m', 'value': 0}, 'duration': {'text': '1 min', 'value': 0}, 'status': 'OK'}"
65,"C. Angel Martínez Villarreal 7802, Valle de Santa Lucía, 64140 Monterrey, N.L., Mexico","S. Bernardo 1305, Residencial San Cristobal 1er Sector, 66478 San Nicolás de los Garza, N.L., Mexico","{'distance': {'text': '19.7 km', 'value': 19665}, 'duration': {'text': '34 mins', 'value': 2059}, 'status': 'OK'}"
66,"C. de la Huerta 33, San Bernabé IV Sector, 64104 Monterrey, N.L., Mexico","S. Bernardo 1305, Residencial San Cristobal 1er Sector, 66478 San Nicolás de los Garza, N.L., Mexico","{'distance': {'text': '21.6 km', 'value': 21616}, 'duration': {'text': '39 mins', 'value': 2346}, 'status': 'OK'}"
67,"Autopista Monterrey-Cadereyta. 1341, 67115 Guadalupe, N.L., Mexico","S. Bernardo 1305, Residencial San Cristobal 1er Sector, 66478 San Nicolás de los Garza, N.L., Mexico","{'distance': {'text': '16.0 km', 'value': 16005}, 'duration': {'text': '20 mins', 'value': 1203}, 'status': 'OK'}"
68,"Liverpool 5275, Misión Cumbres, 64348 Monterrey, N.L., Mexico","S. Bernardo 1305, Residencial San Cristobal 1er Sector, 66478 San Nicolás de los Garza, N.L., Mexico","{'distance': {'text': '29.5 km', 'value': 29542}, 'duration': {'text': '35 mins', 'value': 2073}, 'status': 'OK'}"
69,"Sin referencia No. 385 SN-I HYLSA, Sin Nombre de Col 7, San Nicolás de los Garza, N.L., Mexico","S. Bernardo 1305, Residencial San Cristobal 1er Sector, 66478 San Nicolás de los Garza, N.L., Mexico","{'distance': {'text': '4.9 km', 'value': 4909}, 'duration': {'text': '15 mins', 'value': 908}, 'status': 'OK'}"
70,"Jdn. del Atardecer 259, Jardines de Monterrey ÌII, 66613 Cd Apodaca, N.L., Mexico","S. Bernardo 1305, Residencial San Cristobal 1er Sector, 66478 San Nicolás de los Garza, N.L., Mexico","{'distance': {'text': '23.4 km', 'value': 23434}, 'duration': {'text': '37 mins', 'value': 2203}, 'status': 'OK'}"
71,"Av. Industria del Vidrio 224, Parque Industrial Martel II, 66350 Santa Catarina, N.L., Mexico","S. Bernardo 1305, Residencial San Cristobal 1er Sector, 66478 San Nicolás de los Garza, N.L., Mexico","{'distance': {'text': '35.7 km', 'value': 35700}, 'duration': {'text': '40 mins', 'value': 2375}, 'status': 'OK'}"
72,"Prol Coahuila 919, Independencia, 64720 Monterrey, N.L., Mexico","S. Bernardo 1305, Residencial San Cristobal 1er Sector, 66478 San Nicolás de los Garza, N.L., Mexico","{'distance': {'text': '16.6 km', 'value': 16583}, 'duration': {'text': '22 mins', 'value': 1305}, 'status': 'OK'}"
73,"Cerro del Peñón 3504, Encinos de La Silla, 67182 Guadalupe, N.L., Mexico","S. Bernardo 1305, Residencial San Cristobal 1er Sector, 66478 San Nicolás de los Garza, N.L., Mexico","{'distance': {'text': '12.0 km', 'value': 12028}, 'duration': {'text': '24 mins', 'value': 1455}, 'status': 'OK'}"
74,"C. Cabo San Lucas 3632, Rincón de La Primavera 5o Sector, 67174 Guadalupe, N.L., Mexico","S. Bernardo 1305, Residencial San Cristobal 1er Sector, 66478 San Nicolás de los Garza, N.L., Mexico","{'distance': {'text': '17.3 km', 'value': 17329}, 'duration': {'text': '22 mins', 'value': 1292}, 'status': 'OK'}"
75,"Piedad 110, Balcones de Huinala, 66640 Cd Apodaca, N.L., Mexico","C. Angel Martínez Villarreal 7802, Valle de Santa Lucía, 64140 Monterrey, N.L., Mexico","{'distance': {'text': '25.6 km', 'value': 25574}, 'duration': {'text': '44 mins', 'value': 2656}, 'status': 'OK'}"
76,"Cerro de Mercado 3707, Fierro, 64590 Monterrey, N.L., Mexico","C. Angel Martínez Villarreal 7802, Valle de Santa Lucía, 64140 Monterrey, N.L., Mexico","{'distance': {'text': '14.4 km', 'value': 14422}, 'duration': {'text': '27 mins', 'value': 1595}, 'status': 'OK'}"
77,"Calle Cañon Huasteco 1321, La Conquista, Santa Catarina, N.L., Mexico","C. Angel Martínez Villarreal 7802, Valle de Santa Lucía, 64140 Monterrey, N.L., Mexico","{'distance': {'text': '22.8 km', 'value': 22813}, 'duration': {'text': '35 mins', 'value': 2103}, 'status': 'OK'}"
78,"Av. Parque Industrial Monterrey 502, Monterrey, 66603 Cd Apodaca, N.L., Mexico","C. Angel Martínez Villarreal 7802, Valle de Santa Lucía, 64140 Monterrey, N.L., Mexico","{'distance': {'text': '33.0 km', 'value': 32978}, 'duration': {'text': '43 mins', 'value': 2606}, 'status': 'OK'}"
79,"S. Bernardo 1305, Residencial San Cristobal 1er Sector, 66478 San Nicolás de los Garza, N.L., Mexico","C. Angel Martínez Villarreal 7802, Valle de Santa Lucía, 64140 Monterrey, N.L., Mexico","{'distance': {'text': '19.3 km', 'value': 19327}, 'duration': {'text': '34 mins', 'value': 2064}, 'status': 'OK'}"
80,"C. Angel Martínez Villarreal 7802, Valle de Santa Lucía, 64140 Monterrey, N.L., Mexico","C. Angel Martínez Villarreal 7802, Valle de Santa Lucía, 64140 Monterrey, N.L., Mexico","{'distance': {'text': '1 m', 'value': 0}, 'duration': {'text': '1 min', 'value': 0}, 'status': 'OK'}"
81,"C. de la Huerta 33, San Bernabé IV Sector, 64104 Monterrey, N.L., Mexico","C. Angel Martínez Villarreal 7802, Valle de Santa Lucía, 64140 Monterrey, N.L., Mexico","{'distance': {'text': '2.8 km', 'value': 2807}, 'duration': {'text': '8 mins', 'value': 505}, 'status': 'OK'}"
82,"Autopista Monterrey-Cadereyta. 1341, 67115 Guadalupe, N.L., Mexico","C. Angel Martínez Villarreal 7802, Valle de Santa Lucía, 64140 Monterrey, N.L., Mexico","{'distance': {'text': '32.3 km', 'value': 32299}, 'duration': {'text': '37 mins', 'value': 2190}, 'status': 'OK'}"
83,"Liverpool 5275, Misión Cumbres, 64348 Monterrey, N.L., Mexico","C. Angel Martínez Villarreal 7802, Valle de Santa Lucía, 64140 Monterrey, N.L., Mexico","{'distance': {'text': '6.8 km', 'value': 6828}, 'duration': {'text': '17 mins', 'value': 1046}, 'status': 'OK'}"
84,"Sin referencia No. 385 SN-I HYLSA, Sin Nombre de Col 7, San Nicolás de los Garza, N.L., Mexico","C. Angel Martínez Villarreal 7802, Valle de Santa Lucía, 64140 Monterrey, N.L., Mexico","{'distance': {'text': '18.9 km', 'value': 18898}, 'duration': {'text': '34 mins', 'value': 2013}, 'status': 'OK'}"
85,"Jdn. del Atardecer 259, Jardines de Monterrey ÌII, 66613 Cd Apodaca, N.L., Mexico","C. Angel Martínez Villarreal 7802, Valle de Santa Lucía, 64140 Monterrey, N.L., Mexico","{'distance': {'text': '17.7 km', 'value': 17743}, 'duration': {'text': '31 mins', 'value': 1856}, 'status': 'OK'}"
86,"Av. Industria del Vidrio 224, Parque Industrial Martel II, 66350 Santa Catarina, N.L., Mexico","C. Angel Martínez Villarreal 7802, Valle de Santa Lucía, 64140 Monterrey, N.L., Mexico","{'distance': {'text': '25.4 km', 'value': 25363}, 'duration': {'text': '35 mins', 'value': 2120}, 'status': 'OK'}"
87,"Prol Coahuila 919, Independencia, 64720 Monterrey, N.L., Mexico","C. Angel Martínez Villarreal 7802, Valle de Santa Lucía, 64140 Monterrey, N.L., Mexico","{'distance': {'text': '15.2 km', 'value': 15221}, 'duration': {'text': '25 mins', 'value': 1528}, 'status': 'OK'}"
88,"Cerro del Peñón 3504, Encinos de La Silla, 67182 Guadalupe, N.L., Mexico","C. Angel Martínez Villarreal 7802, Valle de Santa Lucía, 64140 Monterrey, N.L., Mexico","{'distance': {'text': '24.9 km', 'value': 24879}, 'duration': {'text': '38 mins', 'value': 2284}, 'status': 'OK'}"
89,"C. Cabo San Lucas 3632, Rincón de La Primavera 5o Sector, 67174 Guadalupe, N.L., Mexico","C. Angel Martínez Villarreal 7802, Valle de Santa Lucía, 64140 Monterrey, N.L., Mexico","{'distance': {'text': '21.4 km', 'value': 21365}, 'duration': {'text': '29 mins', 'value': 1743}, 'status': 'OK'}"
90,"Piedad 110, Balcones de Huinala, 66640 Cd Apodaca, N.L., Mexico","C. de la Huerta 33, San Bernabé IV Sector, 64104 Monterrey, N.L., Mexico","{'distance': {'text': '28.1 km', 'value': 28140}, 'duration': {'text': '49 mins', 'value': 2949}, 'status': 'OK'}"
91,"Cerro de Mercado 3707, Fierro, 64590 Monterrey, N.L., Mexico","C. de la Huerta 33, San Bernabé IV Sector, 64104 Monterrey, N.L., Mexico","{'distance': {'text': '17.0 km', 'value': 16988}, 'duration': {'text': '31 mins', 'value': 1888}, 'status': 'OK'}"
92,"Calle Cañon Huasteco 1321, La Conquista, Santa Catarina, N.L., Mexico","C. de la Huerta 33, San Bernabé IV Sector, 64104 Monterrey, N.L., Mexico","{'distance': {'text': '24.8 km', 'value': 24784}, 'duration': {'text': '39 mins', 'value': 2369}, 'status': 'OK'}"
93,"Av. Parque Industrial Monterrey 502, Monterrey, 66603 Cd Apodaca, N.L., Mexico","C. de la Huerta 33, San Bernabé IV Sector, 64104 Monterrey, N.L., Mexico","{'distance': {'text': '35.8 km', 'value': 35833}, 'duration': {'text': '43 mins', 'value': 2601}, 'status': 'OK'}"
94,"S. Bernardo 1305, Residencial San Cristobal 1er Sector, 66478 San Nicolás de los Garza, N.L., Mexico","C. de la Huerta 33, San Bernabé IV Sector, 64104 Monterrey, N.L., Mexico","{'distance': {'text': '21.9 km', 'value': 21893}, 'duration': {'text': '39 mins', 'value': 2357}, 'status': 'OK'}"
95,"C. Angel Martínez Villarreal 7802, Valle de Santa Lucía, 64140 Monterrey, N.L., Mexico","C. de la Huerta 33, San Bernabé IV Sector, 64104 Monterrey, N.L., Mexico","{'distance': {'text': '2.8 km', 'value': 2827}, 'duration': {'text': '8 mins', 'value': 472}, 'status': 'OK'}"
96,"C. de la Huerta 33, San Bernabé IV Sector, 64104 Monterrey, N.L., Mexico","C. de la Huerta 33, San Bernabé IV Sector, 64104 Monterrey, N.L., Mexico","{'distance': {'text': '1 m', 'value': 0}, 'duration': {'text': '1 min', 'value': 0}, 'status': 'OK'}"
97,"Autopista Monterrey-Cadereyta. 1341, 67115 Guadalupe, N.L., Mexico","C. de la Huerta 33, San Bernabé IV Sector, 64104 Monterrey, N.L., Mexico","{'distance': {'text': '34.3 km', 'value': 34269}, 'duration': {'text': '41 mins', 'value': 2456}, 'status': 'OK'}"
98,"Liverpool 5275, Misión Cumbres, 64348 Monterrey, N.L., Mexico","C. de la Huerta 33, San Bernabé IV Sector, 64104 Monterrey, N.L., Mexico","{'distance': {'text': '4.9 km', 'value': 4937}, 'duration': {'text': '12 mins', 'value': 720}, 'status': 'OK'}"
99,"Sin referencia No. 385 SN-I HYLSA, Sin Nombre de Col 7, San Nicolás de los Garza, N.L., Mexico","C. de la Huerta 33, San Bernabé IV Sector, 64104 Monterrey, N.L., Mexico","{'distance': {'text': '21.5 km', 'value': 21464}, 'duration': {'text': '38 mins', 'value': 2306}, 'status': 'OK'}"
100,"Jdn. del Atardecer 259, Jardines de Monterrey ÌII, 66613 Cd Apodaca, N.L., Mexico","C. de la Huerta 33, San Bernabé IV Sector, 64104 Monterrey, N.L., Mexico","{'distance': {'text': '21.1 km', 'value': 21102}, 'duration': {'text': '36 mins', 'value': 2142}, 'status': 'OK'}"
101,"Av. Industria del Vidrio 224, Parque Industrial Martel II, 66350 Santa Catarina, N.L., Mexico","C. de la Huerta 33, San Bernabé IV Sector, 64104 Monterrey, N.L., Mexico","{'distance': {'text': '23.6 km', 'value': 23576}, 'duration': {'text': '36 mins', 'value': 2141}, 'status': 'OK'}"
102,"Prol Coahuila 919, Independencia, 64720 Monterrey, N.L., Mexico","C. de la Huerta 33, San Bernabé IV Sector, 64104 Monterrey, N.L., Mexico","{'distance': {'text': '17.2 km', 'value': 17192}, 'duration': {'text': '30 mins', 'value': 1794}, 'status': 'OK'}"
103,"Cerro del Peñón 3504, Encinos de La Silla, 67182 Guadalupe, N.L., Mexico","C. de la Huerta 33, San Bernabé IV Sector, 64104 Monterrey, N.L., Mexico","{'distance': {'text': '26.8 km', 'value': 26850}, 'duration': {'text': '43 mins', 'value': 2551}, 'status': 'OK'}"
104,"C. Cabo San Lucas 3632, Rincón de La Primavera 5o Sector, 67174 Guadalupe, N.L., Mexico","C. de la Huerta 33, San Bernabé IV Sector, 64104 Monterrey, N.L., Mexico","{'distance': {'text': '23.3 km', 'value': 23336}, 'duration': {'text': '33 mins', 'value': 2009}, 'status': 'OK'}"
105,"Piedad 110, Balcones de Huinala, 66640 Cd Apodaca, N.L., Mexico","Autopista Monterrey-Cadereyta. 1341, 67115 Guadalupe, N.L., Mexico","{'distance': {'text': '7.4 km', 'value': 7432}, 'duration': {'text': '16 mins', 'value': 934}, 'status': 'OK'}"
106,"Cerro de Mercado 3707, Fierro, 64590 Monterrey, N.L., Mexico","Autopista Monterrey-Cadereyta. 1341, 67115 Guadalupe, N.L., Mexico","{'distance': {'text': '13.3 km', 'value': 13275}, 'duration': {'text': '14 mins', 'value': 823}, 'status': 'OK'}"
107,"Calle Cañon Huasteco 1321, La Conquista, Santa Catarina, N.L., Mexico","Autopista Monterrey-Cadereyta. 1341, 67115 Guadalupe, N.L., Mexico","{'distance': {'text': '34.8 km', 'value': 34812}, 'duration': {'text': '37 mins', 'value': 2211}, 'status': 'OK'}"
108,"Av. Parque Industrial Monterrey 502, Monterrey, 66603 Cd Apodaca, N.L., Mexico","Autopista Monterrey-Cadereyta. 1341, 67115 Guadalupe, N.L., Mexico","{'distance': {'text': '19.8 km', 'value': 19810}, 'duration': {'text': '23 mins', 'value': 1402}, 'status': 'OK'}"
109,"S. Bernardo 1305, Residencial San Cristobal 1er Sector, 66478 San Nicolás de los Garza, N.L., Mexico","Autopista Monterrey-Cadereyta. 1341, 67115 Guadalupe, N.L., Mexico","{'distance': {'text': '16.2 km', 'value': 16213}, 'duration': {'text': '19 mins', 'value': 1159}, 'status': 'OK'}"
110,"C. Angel Martínez Villarreal 7802, Valle de Santa Lucía, 64140 Monterrey, N.L., Mexico","Autopista Monterrey-Cadereyta. 1341, 67115 Guadalupe, N.L., Mexico","{'distance': {'text': '30.9 km', 'value': 30886}, 'duration': {'text': '35 mins', 'value': 2084}, 'status': 'OK'}"
111,"C. de la Huerta 33, San Bernabé IV Sector, 64104 Monterrey, N.L., Mexico","Autopista Monterrey-Cadereyta. 1341, 67115 Guadalupe, N.L., Mexico","{'distance': {'text': '32.8 km', 'value': 32837}, 'duration': {'text': '40 mins', 'value': 2371}, 'status': 'OK'}"
112,"Autopista Monterrey-Cadereyta. 1341, 67115 Guadalupe, N.L., Mexico","Autopista Monterrey-Cadereyta. 1341, 67115 Guadalupe, N.L., Mexico","{'distance': {'text': '1 m', 'value': 0}, 'duration': {'text': '1 min', 'value': 0}, 'status': 'OK'}"
113,"Liverpool 5275, Misión Cumbres, 64348 Monterrey, N.L., Mexico","Autopista Monterrey-Cadereyta. 1341, 67115 Guadalupe, N.L., Mexico","{'distance': {'text': '31.2 km', 'value': 31204}, 'duration': {'text': '32 mins', 'value': 1926}, 'status': 'OK'}"
114,"Sin referencia No. 385 SN-I HYLSA, Sin Nombre de Col 7, San Nicolás de los Garza, N.L., Mexico","Autopista Monterrey-Cadereyta. 1341, 67115 Guadalupe, N.L., Mexico","{'distance': {'text': '19.4 km', 'value': 19393}, 'duration': {'text': '26 mins', 'value': 1543}, 'status': 'OK'}"
115,"Jdn. del Atardecer 259, Jardines de Monterrey ÌII, 66613 Cd Apodaca, N.L., Mexico","Autopista Monterrey-Cadereyta. 1341, 67115 Guadalupe, N.L., Mexico","{'distance': {'text': '31.6 km', 'value': 31558}, 'duration': {'text': '37 mins', 'value': 2235}, 'status': 'OK'}"
116,"Av. Industria del Vidrio 224, Parque Industrial Martel II, 66350 Santa Catarina, N.L., Mexico","Autopista Monterrey-Cadereyta. 1341, 67115 Guadalupe, N.L., Mexico","{'distance': {'text': '37.4 km', 'value': 37363}, 'duration': {'text': '37 mins', 'value': 2228}, 'status': 'OK'}"
117,"Prol Coahuila 919, Independencia, 64720 Monterrey, N.L., Mexico","Autopista Monterrey-Cadereyta. 1341, 67115 Guadalupe, N.L., Mexico","{'distance': {'text': '18.2 km', 'value': 18245}, 'duration': {'text': '19 mins', 'value': 1158}, 'status': 'OK'}"
118,"Cerro del Peñón 3504, Encinos de La Silla, 67182 Guadalupe, N.L., Mexico","Autopista Monterrey-Cadereyta. 1341, 67115 Guadalupe, N.L., Mexico","{'distance': {'text': '13.4 km', 'value': 13389}, 'duration': {'text': '21 mins', 'value': 1285}, 'status': 'OK'}"
119,"C. Cabo San Lucas 3632, Rincón de La Primavera 5o Sector, 67174 Guadalupe, N.L., Mexico","Autopista Monterrey-Cadereyta. 1341, 67115 Guadalupe, N.L., Mexico","{'distance': {'text': '19.0 km', 'value': 18992}, 'duration': {'text': '19 mins', 'value': 1145}, 'status': 'OK'}"
120,"Piedad 110, Balcones de Huinala, 66640 Cd Apodaca, N.L., Mexico","Liverpool 5275, Misión Cumbres, 64348 Monterrey, N.L., Mexico","{'distance': {'text': '36.2 km', 'value': 36250}, 'duration': {'text': '45 mins', 'value': 2693}, 'status': 'OK'}"
121,"Cerro de Mercado 3707, Fierro, 64590 Monterrey, N.L., Mexico","Liverpool 5275, Misión Cumbres, 64348 Monterrey, N.L., Mexico","{'distance': {'text': '21.7 km', 'value': 21659}, 'duration': {'text': '27 mins', 'value': 1622}, 'status': 'OK'}"
122,"Calle Cañon Huasteco 1321, La Conquista, Santa Catarina, N.L., Mexico","Liverpool 5275, Misión Cumbres, 64348 Monterrey, N.L., Mexico","{'distance': {'text': '22.6 km', 'value': 22604}, 'duration': {'text': '34 mins', 'value': 2054}, 'status': 'OK'}"
123,"Av. Parque Industrial Monterrey 502, Monterrey, 66603 Cd Apodaca, N.L., Mexico","Liverpool 5275, Misión Cumbres, 64348 Monterrey, N.L., Mexico","{'distance': {'text': '38.2 km', 'value': 38177}, 'duration': {'text': '44 mins', 'value': 2633}, 'status': 'OK'}"
124,"S. Bernardo 1305, Residencial San Cristobal 1er Sector, 66478 San Nicolás de los Garza, N.L., Mexico","Liverpool 5275, Misión Cumbres, 64348 Monterrey, N.L., Mexico","{'distance': {'text': '22.3 km', 'value': 22341}, 'duration': {'text': '38 mins', 'value': 2292}, 'status': 'OK'}"
125,"C. Angel Martínez Villarreal 7802, Valle de Santa Lucía, 64140 Monterrey, N.L., Mexico","Liverpool 5275, Misión Cumbres, 64348 Monterrey, N.L., Mexico","{'distance': {'text': '6.2 km', 'value': 6196}, 'duration': {'text': '17 mins', 'value': 1021}, 'status': 'OK'}"
126,"C. de la Huerta 33, San Bernabé IV Sector, 64104 Monterrey, N.L., Mexico","Liverpool 5275, Misión Cumbres, 64348 Monterrey, N.L., Mexico","{'distance': {'text': '5.1 km', 'value': 5096}, 'duration': {'text': '12 mins', 'value': 749}, 'status': 'OK'}"
127,"Autopista Monterrey-Cadereyta. 1341, 67115 Guadalupe, N.L., Mexico","Liverpool 5275, Misión Cumbres, 64348 Monterrey, N.L., Mexico","{'distance': {'text': '33.7 km', 'value': 33720}, 'duration': {'text': '36 mins', 'value': 2150}, 'status': 'OK'}"
128,"Liverpool 5275, Misión Cumbres, 64348 Monterrey, N.L., Mexico","Liverpool 5275, Misión Cumbres, 64348 Monterrey, N.L., Mexico","{'distance': {'text': '1 m', 'value': 0}, 'duration': {'text': '1 min', 'value': 0}, 'status': 'OK'}"
129,"Sin referencia No. 385 SN-I HYLSA, Sin Nombre de Col 7, San Nicolás de los Garza, N.L., Mexico","Liverpool 5275, Misión Cumbres, 64348 Monterrey, N.L., Mexico","{'distance': {'text': '21.9 km', 'value': 21912}, 'duration': {'text': '37 mins', 'value': 2241}, 'status': 'OK'}"
130,"Jdn. del Atardecer 259, Jardines de Monterrey ÌII, 66613 Cd Apodaca, N.L., Mexico","Liverpool 5275, Misión Cumbres, 64348 Monterrey, N.L., Mexico","{'distance': {'text': '23.1 km', 'value': 23089}, 'duration': {'text': '34 mins', 'value': 2064}, 'status': 'OK'}"
131,"Av. Industria del Vidrio 224, Parque Industrial Martel II, 66350 Santa Catarina, N.L., Mexico","Liverpool 5275, Misión Cumbres, 64348 Monterrey, N.L., Mexico","{'distance': {'text': '25.2 km', 'value': 25154}, 'duration': {'text': '35 mins', 'value': 2071}, 'status': 'OK'}"
132,"Prol Coahuila 919, Independencia, 64720 Monterrey, N.L., Mexico","Liverpool 5275, Misión Cumbres, 64348 Monterrey, N.L., Mexico","{'distance': {'text': '16.6 km', 'value': 16642}, 'duration': {'text': '25 mins', 'value': 1488}, 'status': 'OK'}"
133,"Cerro del Peñón 3504, Encinos de La Silla, 67182 Guadalupe, N.L., Mexico","Liverpool 5275, Misión Cumbres, 64348 Monterrey, N.L., Mexico","{'distance': {'text': '26.3 km', 'value': 26300}, 'duration': {'text': '37 mins', 'value': 2244}, 'status': 'OK'}"
134,"C. Cabo San Lucas 3632, Rincón de La Primavera 5o Sector, 67174 Guadalupe, N.L., Mexico","Liverpool 5275, Misión Cumbres, 64348 Monterrey, N.L., Mexico","{'distance': {'text': '22.8 km', 'value': 22787}, 'duration': {'text': '28 mins', 'value': 1703}, 'status': 'OK'}"
135,"Piedad 110, Balcones de Huinala, 66640 Cd Apodaca, N.L., Mexico","Sin referencia No. 385 SN-I HYLSA, Sin Nombre de Col 7, San Nicolás de los Garza, N.L., Mexico","{'distance': {'text': '11.1 km', 'value': 11112}, 'duration': {'text': '21 mins', 'value': 1282}, 'status': 'OK'}"
136,"Cerro de Mercado 3707, Fierro, 64590 Monterrey, N.L., Mexico","Sin referencia No. 385 SN-I HYLSA, Sin Nombre de Col 7, San Nicolás de los Garza, N.L., Mexico","{'distance': {'text': '9.9 km', 'value': 9905}, 'duration': {'text': '18 mins', 'value': 1098}, 'status': 'OK'}"
137,"Calle Cañon Huasteco 1321, La Conquista, Santa Catarina, N.L., Mexico","Sin referencia No. 385 SN-I HYLSA, Sin Nombre de Col 7, San Nicolás de los Garza, N.L., Mexico","{'distance': {'text': '32.2 km', 'value': 32213}, 'duration': {'text': '43 mins', 'value': 2590}, 'status': 'OK'}"
138,"Av. Parque Industrial Monterrey 502, Monterrey, 66603 Cd Apodaca, N.L., Mexico","Sin referencia No. 385 SN-I HYLSA, Sin Nombre de Col 7, San Nicolás de los Garza, N.L., Mexico","{'distance': {'text': '9.8 km', 'value': 9779}, 'duration': {'text': '19 mins', 'value': 1115}, 'status': 'OK'}"
139,"S. Bernardo 1305, Residencial San Cristobal 1er Sector, 66478 San Nicolás de los Garza, N.L., Mexico","Sin referencia No. 385 SN-I HYLSA, Sin Nombre de Col 7, San Nicolás de los Garza, N.L., Mexico","{'distance': {'text': '4.9 km', 'value': 4915}, 'duration': {'text': '13 mins', 'value': 801}, 'status': 'OK'}"
140,"C. Angel Martínez Villarreal 7802, Valle de Santa Lucía, 64140 Monterrey, N.L., Mexico","Sin referencia No. 385 SN-I HYLSA, Sin Nombre de Col 7, San Nicolás de los Garza, N.L., Mexico","{'distance': {'text': '18.0 km', 'value': 18032}, 'duration': {'text': '30 mins', 'value': 1794}, 'status': 'OK'}"
141,"C. de la Huerta 33, San Bernabé IV Sector, 64104 Monterrey, N.L., Mexico","Sin referencia No. 385 SN-I HYLSA, Sin Nombre de Col 7, San Nicolás de los Garza, N.L., Mexico","{'distance': {'text': '20.0 km', 'value': 19983}, 'duration': {'text': '35 mins', 'value': 2081}, 'status': 'OK'}"
142,"Autopista Monterrey-Cadereyta. 1341, 67115 Guadalupe, N.L., Mexico","Sin referencia No. 385 SN-I HYLSA, Sin Nombre de Col 7, San Nicolás de los Garza, N.L., Mexico","{'distance': {'text': '19.9 km', 'value': 19909}, 'duration': {'text': '27 mins', 'value': 1640}, 'status': 'OK'}"
143,"Liverpool 5275, Misión Cumbres, 64348 Monterrey, N.L., Mexico","Sin referencia No. 385 SN-I HYLSA, Sin Nombre de Col 7, San Nicolás de los Garza, N.L., Mexico","{'distance': {'text': '24.2 km', 'value': 24171}, 'duration': {'text': '33 mins', 'value': 1977}, 'status': 'OK'}"
144,"Sin referencia No. 385 SN-I HYLSA, Sin Nombre de Col 7, San Nicolás de los Garza, N.L., Mexico","Sin referencia No. 385 SN-I HYLSA, Sin Nombre de Col 7, San Nicolás de los Garza, N.L., Mexico","{'distance': {'text': '1 m', 'value': 0}, 'duration': {'text': '1 min', 'value': 0}, 'status': 'OK'}"
145,"Jdn. del Atardecer 259, Jardines de Monterrey ÌII, 66613 Cd Apodaca, N.L., Mexico","Sin referencia No. 385 SN-I HYLSA, Sin Nombre de Col 7, San Nicolás de los Garza, N.L., Mexico","{'distance': {'text': '11.5 km', 'value': 11539}, 'duration': {'text': '25 mins', 'value': 1523}, 'status': 'OK'}"
146,"Av. Industria del Vidrio 224, Parque Industrial Martel II, 66350 Santa Catarina, N.L., Mexico","Sin referencia No. 385 SN-I HYLSA, Sin Nombre de Col 7, San Nicolás de los Garza, N.L., Mexico","{'distance': {'text': '34.8 km', 'value': 34764}, 'duration': {'text': '43 mins', 'value': 2607}, 'status': 'OK'}"
147,"Prol Coahuila 919, Independencia, 64720 Monterrey, N.L., Mexico","Sin referencia No. 385 SN-I HYLSA, Sin Nombre de Col 7, San Nicolás de los Garza, N.L., Mexico","{'distance': {'text': '15.6 km', 'value': 15646}, 'duration': {'text': '26 mins', 'value': 1537}, 'status': 'OK'}"
148,"Cerro del Peñón 3504, Encinos de La Silla, 67182 Guadalupe, N.L., Mexico","Sin referencia No. 385 SN-I HYLSA, Sin Nombre de Col 7, San Nicolás de los Garza, N.L., Mexico","{'distance': {'text': '15.9 km', 'value': 15931}, 'duration': {'text': '32 mins', 'value': 1891}, 'status': 'OK'}"
149,"C. Cabo San Lucas 3632, Rincón de La Primavera 5o Sector, 67174 Guadalupe, N.L., Mexico","Sin referencia No. 385 SN-I HYLSA, Sin Nombre de Col 7, San Nicolás de los Garza, N.L., Mexico","{'distance': {'text': '16.4 km', 'value': 16387}, 'duration': {'text': '26 mins', 'value': 1532}, 'status': 'OK'}"
150,"Piedad 110, Balcones de Huinala, 66640 Cd Apodaca, N.L., Mexico","Jdn. del Atardecer 259, Jardines de Monterrey ÌII, 66613 Cd Apodaca, N.L., Mexico","{'distance': {'text': '23.4 km', 'value': 23354}, 'duration': {'text': '28 mins', 'value': 1677}, 'status': 'OK'}"
151,"Cerro de Mercado 3707, Fierro, 64590 Monterrey, N.L., Mexico","Jdn. del Atardecer 259, Jardines de Monterrey ÌII, 66613 Cd Apodaca, N.L., Mexico","{'distance': {'text': '17.6 km', 'value': 17618}, 'duration': {'text': '29 mins', 'value': 1742}, 'status': 'OK'}"
152,"Calle Cañon Huasteco 1321, La Conquista, Santa Catarina, N.L., Mexico","Jdn. del Atardecer 259, Jardines de Monterrey ÌII, 66613 Cd Apodaca, N.L., Mexico","{'distance': {'text': '45.1 km', 'value': 45102}, 'duration': {'text': '44 mins', 'value': 2625}, 'status': 'OK'}"
153,"Av. Parque Industrial Monterrey 502, Monterrey, 66603 Cd Apodaca, N.L., Mexico","Jdn. del Atardecer 259, Jardines de Monterrey ÌII, 66613 Cd Apodaca, N.L., Mexico","{'distance': {'text': '17.7 km', 'value': 17664}, 'duration': {'text': '21 mins', 'value': 1230}, 'status': 'OK'}"
154,"S. Bernardo 1305, Residencial San Cristobal 1er Sector, 66478 San Nicolás de los Garza, N.L., Mexico","Jdn. del Atardecer 259, Jardines de Monterrey ÌII, 66613 Cd Apodaca, N.L., Mexico","{'distance': {'text': '23.8 km', 'value': 23753}, 'duration': {'text': '25 mins', 'value': 1514}, 'status': 'OK'}"
155,"C. Angel Martínez Villarreal 7802, Valle de Santa Lucía, 64140 Monterrey, N.L., Mexico","Jdn. del Atardecer 259, Jardines de Monterrey ÌII, 66613 Cd Apodaca, N.L., Mexico","{'distance': {'text': '17.0 km', 'value': 16979}, 'duration': {'text': '31 mins', 'value': 1871}, 'status': 'OK'}"
156,"C. de la Huerta 33, San Bernabé IV Sector, 64104 Monterrey, N.L., Mexico","Jdn. del Atardecer 259, Jardines de Monterrey ÌII, 66613 Cd Apodaca, N.L., Mexico","{'distance': {'text': '21.2 km', 'value': 21159}, 'duration': {'text': '37 mins', 'value': 2200}, 'status': 'OK'}"
157,"Autopista Monterrey-Cadereyta. 1341, 67115 Guadalupe, N.L., Mexico","Jdn. del Atardecer 259, Jardines de Monterrey ÌII, 66613 Cd Apodaca, N.L., Mexico","{'distance': {'text': '34.6 km', 'value': 34572}, 'duration': {'text': '34 mins', 'value': 2020}, 'status': 'OK'}"
158,"Liverpool 5275, Misión Cumbres, 64348 Monterrey, N.L., Mexico","Jdn. del Atardecer 259, Jardines de Monterrey ÌII, 66613 Cd Apodaca, N.L., Mexico","{'distance': {'text': '25.3 km', 'value': 25348}, 'duration': {'text': '35 mins', 'value': 2096}, 'status': 'OK'}"
159,"Sin referencia No. 385 SN-I HYLSA, Sin Nombre de Col 7, San Nicolás de los Garza, N.L., Mexico","Jdn. del Atardecer 259, Jardines de Monterrey ÌII, 66613 Cd Apodaca, N.L., Mexico","{'distance': {'text': '11.2 km', 'value': 11157}, 'duration': {'text': '25 mins', 'value': 1528}, 'status': 'OK'}"
160,"Jdn. del Atardecer 259, Jardines de Monterrey ÌII, 66613 Cd Apodaca, N.L., Mexico","Jdn. del Atardecer 259, Jardines de Monterrey ÌII, 66613 Cd Apodaca, N.L., Mexico","{'distance': {'text': '1 m', 'value': 0}, 'duration': {'text': '1 min', 'value': 0}, 'status': 'OK'}"
161,"Av. Industria del Vidrio 224, Parque Industrial Martel II, 66350 Santa Catarina, N.L., Mexico","Jdn. del Atardecer 259, Jardines de Monterrey ÌII, 66613 Cd Apodaca, N.L., Mexico","{'distance': {'text': '41.5 km', 'value': 41517}, 'duration': {'text': '37 mins', 'value': 2219}, 'status': 'OK'}"
162,"Prol Coahuila 919, Independencia, 64720 Monterrey, N.L., Mexico","Jdn. del Atardecer 259, Jardines de Monterrey ÌII, 66613 Cd Apodaca, N.L., Mexico","{'distance': {'text': '26.3 km', 'value': 26252}, 'duration': {'text': '36 mins', 'value': 2185}, 'status': 'OK'}"
163,"Cerro del Peñón 3504, Encinos de La Silla, 67182 Guadalupe, N.L., Mexico","Jdn. del Atardecer 259, Jardines de Monterrey ÌII, 66613 Cd Apodaca, N.L., Mexico","{'distance': {'text': '33.9 km', 'value': 33881}, 'duration': {'text': '42 mins', 'value': 2549}, 'status': 'OK'}"
164,"C. Cabo San Lucas 3632, Rincón de La Primavera 5o Sector, 67174 Guadalupe, N.L., Mexico","Jdn. del Atardecer 259, Jardines de Monterrey ÌII, 66613 Cd Apodaca, N.L., Mexico","{'distance': {'text': '25.7 km', 'value': 25748}, 'duration': {'text': '36 mins', 'value': 2138}, 'status': 'OK'}"
165,"Piedad 110, Balcones de Huinala, 66640 Cd Apodaca, N.L., Mexico","Av. Industria del Vidrio 224, Parque Industrial Martel II, 66350 Santa Catarina, N.L., Mexico","{'distance': {'text': '56.1 km', 'value': 56144}, 'duration': {'text': '52 mins', 'value': 3099}, 'status': 'OK'}"
166,"Cerro de Mercado 3707, Fierro, 64590 Monterrey, N.L., Mexico","Av. Industria del Vidrio 224, Parque Industrial Martel II, 66350 Santa Catarina, N.L., Mexico","{'distance': {'text': '27.0 km', 'value': 27042}, 'duration': {'text': '30 mins', 'value': 1802}, 'status': 'OK'}"
167,"Calle Cañon Huasteco 1321, La Conquista, Santa Catarina, N.L., Mexico","Av. Industria del Vidrio 224, Parque Industrial Martel II, 66350 Santa Catarina, N.L., Mexico","{'distance': {'text': '6.9 km', 'value': 6912}, 'duration': {'text': '15 mins', 'value': 925}, 'status': 'OK'}"
168,"Av. Parque Industrial Monterrey 502, Monterrey, 66603 Cd Apodaca, N.L., Mexico","Av. Industria del Vidrio 224, Parque Industrial Martel II, 66350 Santa Catarina, N.L., Mexico","{'distance': {'text': '50.5 km', 'value': 50454}, 'duration': {'text': '44 mins', 'value': 2653}, 'status': 'OK'}"
169,"S. Bernardo 1305, Residencial San Cristobal 1er Sector, 66478 San Nicolás de los Garza, N.L., Mexico","Av. Industria del Vidrio 224, Parque Industrial Martel II, 66350 Santa Catarina, N.L., Mexico","{'distance': {'text': '37.5 km', 'value': 37457}, 'duration': {'text': '43 mins', 'value': 2563}, 'status': 'OK'}"
170,"C. Angel Martínez Villarreal 7802, Valle de Santa Lucía, 64140 Monterrey, N.L., Mexico","Av. Industria del Vidrio 224, Parque Industrial Martel II, 66350 Santa Catarina, N.L., Mexico","{'distance': {'text': '26.2 km', 'value': 26178}, 'duration': {'text': '37 mins', 'value': 2223}, 'status': 'OK'}"
171,"C. de la Huerta 33, San Bernabé IV Sector, 64104 Monterrey, N.L., Mexico","Av. Industria del Vidrio 224, Parque Industrial Martel II, 66350 Santa Catarina, N.L., Mexico","{'distance': {'text': '22.9 km', 'value': 22930}, 'duration': {'text': '33 mins', 'value': 1980}, 'status': 'OK'}"
172,"Autopista Monterrey-Cadereyta. 1341, 67115 Guadalupe, N.L., Mexico","Av. Industria del Vidrio 224, Parque Industrial Martel II, 66350 Santa Catarina, N.L., Mexico","{'distance': {'text': '39.1 km', 'value': 39102}, 'duration': {'text': '39 mins', 'value': 2329}, 'status': 'OK'}"
173,"Liverpool 5275, Misión Cumbres, 64348 Monterrey, N.L., Mexico","Av. Industria del Vidrio 224, Parque Industrial Martel II, 66350 Santa Catarina, N.L., Mexico","{'distance': {'text': '22.7 km', 'value': 22728}, 'duration': {'text': '32 mins', 'value': 1936}, 'status': 'OK'}"
174,"Sin referencia No. 385 SN-I HYLSA, Sin Nombre de Col 7, San Nicolás de los Garza, N.L., Mexico","Av. Industria del Vidrio 224, Parque Industrial Martel II, 66350 Santa Catarina, N.L., Mexico","{'distance': {'text': '36.1 km', 'value': 36075}, 'duration': {'text': '46 mins', 'value': 2745}, 'status': 'OK'}"
175,"Jdn. del Atardecer 259, Jardines de Monterrey ÌII, 66613 Cd Apodaca, N.L., Mexico","Av. Industria del Vidrio 224, Parque Industrial Martel II, 66350 Santa Catarina, N.L., Mexico","{'distance': {'text': '37.2 km', 'value': 37162}, 'duration': {'text': '42 mins', 'value': 2535}, 'status': 'OK'}"
176,"Av. Industria del Vidrio 224, Parque Industrial Martel II, 66350 Santa Catarina, N.L., Mexico","Av. Industria del Vidrio 224, Parque Industrial Martel II, 66350 Santa Catarina, N.L., Mexico","{'distance': {'text': '1 m', 'value': 0}, 'duration': {'text': '1 min', 'value': 0}, 'status': 'OK'}"
177,"Prol Coahuila 919, Independencia, 64720 Monterrey, N.L., Mexico","Av. Industria del Vidrio 224, Parque Industrial Martel II, 66350 Santa Catarina, N.L., Mexico","{'distance': {'text': '22.0 km', 'value': 22025}, 'duration': {'text': '28 mins', 'value': 1667}, 'status': 'OK'}"
178,"Cerro del Peñón 3504, Encinos de La Silla, 67182 Guadalupe, N.L., Mexico","Av. Industria del Vidrio 224, Parque Industrial Martel II, 66350 Santa Catarina, N.L., Mexico","{'distance': {'text': '31.7 km', 'value': 31683}, 'duration': {'text': '40 mins', 'value': 2424}, 'status': 'OK'}"
179,"C. Cabo San Lucas 3632, Rincón de La Primavera 5o Sector, 67174 Guadalupe, N.L., Mexico","Av. Industria del Vidrio 224, Parque Industrial Martel II, 66350 Santa Catarina, N.L., Mexico","{'distance': {'text': '28.2 km', 'value': 28169}, 'duration': {'text': '31 mins', 'value': 1883}, 'status': 'OK'}"
180,"Piedad 110, Balcones de Huinala, 66640 Cd Apodaca, N.L., Mexico","Prol Coahuila 919, Independencia, 64720 Monterrey, N.L., Mexico","{'distance': {'text': '21.1 km', 'value': 21057}, 'duration': {'text': '28 mins', 'value': 1654}, 'status': 'OK'}"
181,"Cerro de Mercado 3707, Fierro, 64590 Monterrey, N.L., Mexico","Prol Coahuila 919, Independencia, 64720 Monterrey, N.L., Mexico","{'distance': {'text': '6.5 km', 'value': 6484}, 'duration': {'text': '9 mins', 'value': 569}, 'status': 'OK'}"
182,"Calle Cañon Huasteco 1321, La Conquista, Santa Catarina, N.L., Mexico","Prol Coahuila 919, Independencia, 64720 Monterrey, N.L., Mexico","{'distance': {'text': '19.2 km', 'value': 19161}, 'duration': {'text': '26 mins', 'value': 1551}, 'status': 'OK'}"
183,"Av. Parque Industrial Monterrey 502, Monterrey, 66603 Cd Apodaca, N.L., Mexico","Prol Coahuila 919, Independencia, 64720 Monterrey, N.L., Mexico","{'distance': {'text': '23.0 km', 'value': 22984}, 'duration': {'text': '27 mins', 'value': 1594}, 'status': 'OK'}"
184,"S. Bernardo 1305, Residencial San Cristobal 1er Sector, 66478 San Nicolás de los Garza, N.L., Mexico","Prol Coahuila 919, Independencia, 64720 Monterrey, N.L., Mexico","{'distance': {'text': '16.9 km', 'value': 16882}, 'duration': {'text': '22 mins', 'value': 1344}, 'status': 'OK'}"
185,"C. Angel Martínez Villarreal 7802, Valle de Santa Lucía, 64140 Monterrey, N.L., Mexico","Prol Coahuila 919, Independencia, 64720 Monterrey, N.L., Mexico","{'distance': {'text': '15.2 km', 'value': 15232}, 'duration': {'text': '23 mins', 'value': 1406}, 'status': 'OK'}"
186,"C. de la Huerta 33, San Bernabé IV Sector, 64104 Monterrey, N.L., Mexico","Prol Coahuila 919, Independencia, 64720 Monterrey, N.L., Mexico","{'distance': {'text': '17.2 km', 'value': 17183}, 'duration': {'text': '28 mins', 'value': 1693}, 'status': 'OK'}"
187,"Autopista Monterrey-Cadereyta. 1341, 67115 Guadalupe, N.L., Mexico","Prol Coahuila 919, Independencia, 64720 Monterrey, N.L., Mexico","{'distance': {'text': '18.5 km', 'value': 18531}, 'duration': {'text': '18 mins', 'value': 1105}, 'status': 'OK'}"
188,"Liverpool 5275, Misión Cumbres, 64348 Monterrey, N.L., Mexico","Prol Coahuila 919, Independencia, 64720 Monterrey, N.L., Mexico","{'distance': {'text': '15.6 km', 'value': 15551}, 'duration': {'text': '21 mins', 'value': 1247}, 'status': 'OK'}"
189,"Sin referencia No. 385 SN-I HYLSA, Sin Nombre de Col 7, San Nicolás de los Garza, N.L., Mexico","Prol Coahuila 919, Independencia, 64720 Monterrey, N.L., Mexico","{'distance': {'text': '15.5 km', 'value': 15518}, 'duration': {'text': '25 mins', 'value': 1509}, 'status': 'OK'}"
190,"Jdn. del Atardecer 259, Jardines de Monterrey ÌII, 66613 Cd Apodaca, N.L., Mexico","Prol Coahuila 919, Independencia, 64720 Monterrey, N.L., Mexico","{'distance': {'text': '27.4 km', 'value': 27377}, 'duration': {'text': '32 mins', 'value': 1921}, 'status': 'OK'}"
191,"Av. Industria del Vidrio 224, Parque Industrial Martel II, 66350 Santa Catarina, N.L., Mexico","Prol Coahuila 919, Independencia, 64720 Monterrey, N.L., Mexico","{'distance': {'text': '21.7 km', 'value': 21712}, 'duration': {'text': '26 mins', 'value': 1568}, 'status': 'OK'}"
192,"Prol Coahuila 919, Independencia, 64720 Monterrey, N.L., Mexico","Prol Coahuila 919, Independencia, 64720 Monterrey, N.L., Mexico","{'distance': {'text': '1 m', 'value': 0}, 'duration': {'text': '1 min', 'value': 0}, 'status': 'OK'}"
193,"Cerro del Peñón 3504, Encinos de La Silla, 67182 Guadalupe, N.L., Mexico","Prol Coahuila 919, Independencia, 64720 Monterrey, N.L., Mexico","{'distance': {'text': '11.0 km', 'value': 10978}, 'duration': {'text': '20 mins', 'value': 1218}, 'status': 'OK'}"
194,"C. Cabo San Lucas 3632, Rincón de La Primavera 5o Sector, 67174 Guadalupe, N.L., Mexico","Prol Coahuila 919, Independencia, 64720 Monterrey, N.L., Mexico","{'distance': {'text': '6.8 km', 'value': 6753}, 'duration': {'text': '11 mins', 'value': 644}, 'status': 'OK'}"
195,"Piedad 110, Balcones de Huinala, 66640 Cd Apodaca, N.L., Mexico","Cerro del Peñón 3504, Encinos de La Silla, 67182 Guadalupe, N.L., Mexico","{'distance': {'text': '16.9 km', 'value': 16917}, 'duration': {'text': '31 mins', 'value': 1880}, 'status': 'OK'}"
196,"Cerro de Mercado 3707, Fierro, 64590 Monterrey, N.L., Mexico","Cerro del Peñón 3504, Encinos de La Silla, 67182 Guadalupe, N.L., Mexico","{'distance': {'text': '8.8 km', 'value': 8798}, 'duration': {'text': '19 mins', 'value': 1112}, 'status': 'OK'}"
197,"Calle Cañon Huasteco 1321, La Conquista, Santa Catarina, N.L., Mexico","Cerro del Peñón 3504, Encinos de La Silla, 67182 Guadalupe, N.L., Mexico","{'distance': {'text': '29.3 km', 'value': 29341}, 'duration': {'text': '41 mins', 'value': 2450}, 'status': 'OK'}"
198,"Av. Parque Industrial Monterrey 502, Monterrey, 66603 Cd Apodaca, N.L., Mexico","Cerro del Peñón 3504, Encinos de La Silla, 67182 Guadalupe, N.L., Mexico","{'distance': {'text': '18.8 km', 'value': 18844}, 'duration': {'text': '30 mins', 'value': 1820}, 'status': 'OK'}"
199,"S. Bernardo 1305, Residencial San Cristobal 1er Sector, 66478 San Nicolás de los Garza, N.L., Mexico","Cerro del Peñón 3504, Encinos de La Silla, 67182 Guadalupe, N.L., Mexico","{'distance': {'text': '12.7 km', 'value': 12742}, 'duration': {'text': '26 mins', 'value': 1571}, 'status': 'OK'}"
200,"C. Angel Martínez Villarreal 7802, Valle de Santa Lucía, 64140 Monterrey, N.L., Mexico","Cerro del Peñón 3504, Encinos de La Silla, 67182 Guadalupe, N.L., Mexico","{'distance': {'text': '24.8 km', 'value': 24798}, 'duration': {'text': '39 mins', 'value': 2322}, 'status': 'OK'}"
201,"C. de la Huerta 33, San Bernabé IV Sector, 64104 Monterrey, N.L., Mexico","Cerro del Peñón 3504, Encinos de La Silla, 67182 Guadalupe, N.L., Mexico","{'distance': {'text': '26.7 km', 'value': 26749}, 'duration': {'text': '43 mins', 'value': 2609}, 'status': 'OK'}"
202,"Autopista Monterrey-Cadereyta. 1341, 67115 Guadalupe, N.L., Mexico","Cerro del Peñón 3504, Encinos de La Silla, 67182 Guadalupe, N.L., Mexico","{'distance': {'text': '12.4 km', 'value': 12382}, 'duration': {'text': '22 mins', 'value': 1300}, 'status': 'OK'}"
203,"Liverpool 5275, Misión Cumbres, 64348 Monterrey, N.L., Mexico","Cerro del Peñón 3504, Encinos de La Silla, 67182 Guadalupe, N.L., Mexico","{'distance': {'text': '25.1 km', 'value': 25116}, 'duration': {'text': '36 mins', 'value': 2163}, 'status': 'OK'}"
204,"Sin referencia No. 385 SN-I HYLSA, Sin Nombre de Col 7, San Nicolás de los Garza, N.L., Mexico","Cerro del Peñón 3504, Encinos de La Silla, 67182 Guadalupe, N.L., Mexico","{'distance': {'text': '15.9 km', 'value': 15922}, 'duration': {'text': '33 mins', 'value': 1954}, 'status': 'OK'}"
205,"Jdn. del Atardecer 259, Jardines de Monterrey ÌII, 66613 Cd Apodaca, N.L., Mexico","Cerro del Peñón 3504, Encinos de La Silla, 67182 Guadalupe, N.L., Mexico","{'distance': {'text': '28.5 km', 'value': 28459}, 'duration': {'text': '44 mins', 'value': 2648}, 'status': 'OK'}"
206,"Av. Industria del Vidrio 224, Parque Industrial Martel II, 66350 Santa Catarina, N.L., Mexico","Cerro del Peñón 3504, Encinos de La Silla, 67182 Guadalupe, N.L., Mexico","{'distance': {'text': '31.9 km', 'value': 31892}, 'duration': {'text': '41 mins', 'value': 2467}, 'status': 'OK'}"
207,"Prol Coahuila 919, Independencia, 64720 Monterrey, N.L., Mexico","Cerro del Peñón 3504, Encinos de La Silla, 67182 Guadalupe, N.L., Mexico","{'distance': {'text': '12.2 km', 'value': 12172}, 'duration': {'text': '23 mins', 'value': 1363}, 'status': 'OK'}"
208,"Cerro del Peñón 3504, Encinos de La Silla, 67182 Guadalupe, N.L., Mexico","Cerro del Peñón 3504, Encinos de La Silla, 67182 Guadalupe, N.L., Mexico","{'distance': {'text': '1 m', 'value': 0}, 'duration': {'text': '1 min', 'value': 0}, 'status': 'OK'}"
209,"C. Cabo San Lucas 3632, Rincón de La Primavera 5o Sector, 67174 Guadalupe, N.L., Mexico","Cerro del Peñón 3504, Encinos de La Silla, 67182 Guadalupe, N.L., Mexico","{'distance': {'text': '8.4 km', 'value': 8354}, 'duration': {'text': '16 mins', 'value': 939}, 'status': 'OK'}"
210,"Piedad 110, Balcones de Huinala, 66640 Cd Apodaca, N.L., Mexico","C. Cabo San Lucas 3632, Rincón de La Primavera 5o Sector, 67174 Guadalupe, N.L., Mexico","{'distance': {'text': '21.0 km', 'value': 20970}, 'duration': {'text': '26 mins', 'value': 1587}, 'status': 'OK'}"
211,"Cerro de Mercado 3707, Fierro, 64590 Monterrey, N.L., Mexico","C. Cabo San Lucas 3632, Rincón de La Primavera 5o Sector, 67174 Guadalupe, N.L., Mexico","{'distance': {'text': '6.3 km', 'value': 6306}, 'duration': {'text': '9 mins', 'value': 566}, 'status': 'OK'}"
212,"Calle Cañon Huasteco 1321, La Conquista, Santa Catarina, N.L., Mexico","C. Cabo San Lucas 3632, Rincón de La Primavera 5o Sector, 67174 Guadalupe, N.L., Mexico","{'distance': {'text': '24.8 km', 'value': 24837}, 'duration': {'text': '29 mins', 'value': 1739}, 'status': 'OK'}"
213,"Av. Parque Industrial Monterrey 502, Monterrey, 66603 Cd Apodaca, N.L., Mexico","C. Cabo San Lucas 3632, Rincón de La Primavera 5o Sector, 67174 Guadalupe, N.L., Mexico","{'distance': {'text': '22.9 km', 'value': 22896}, 'duration': {'text': '25 mins', 'value': 1527}, 'status': 'OK'}"
214,"S. Bernardo 1305, Residencial San Cristobal 1er Sector, 66478 San Nicolás de los Garza, N.L., Mexico","C. Cabo San Lucas 3632, Rincón de La Primavera 5o Sector, 67174 Guadalupe, N.L., Mexico","{'distance': {'text': '16.8 km', 'value': 16794}, 'duration': {'text': '21 mins', 'value': 1277}, 'status': 'OK'}"
215,"C. Angel Martínez Villarreal 7802, Valle de Santa Lucía, 64140 Monterrey, N.L., Mexico","C. Cabo San Lucas 3632, Rincón de La Primavera 5o Sector, 67174 Guadalupe, N.L., Mexico","{'distance': {'text': '20.3 km', 'value': 20293}, 'duration': {'text': '27 mins', 'value': 1611}, 'status': 'OK'}"
216,"C. de la Huerta 33, San Bernabé IV Sector, 64104 Monterrey, N.L., Mexico","C. Cabo San Lucas 3632, Rincón de La Primavera 5o Sector, 67174 Guadalupe, N.L., Mexico","{'distance': {'text': '22.2 km', 'value': 22244}, 'duration': {'text': '32 mins', 'value': 1898}, 'status': 'OK'}"
217,"Autopista Monterrey-Cadereyta. 1341, 67115 Guadalupe, N.L., Mexico","C. Cabo San Lucas 3632, Rincón de La Primavera 5o Sector, 67174 Guadalupe, N.L., Mexico","{'distance': {'text': '18.4 km', 'value': 18443}, 'duration': {'text': '17 mins', 'value': 1038}, 'status': 'OK'}"
218,"Liverpool 5275, Misión Cumbres, 64348 Monterrey, N.L., Mexico","C. Cabo San Lucas 3632, Rincón de La Primavera 5o Sector, 67174 Guadalupe, N.L., Mexico","{'distance': {'text': '20.6 km', 'value': 20612}, 'duration': {'text': '24 mins', 'value': 1452}, 'status': 'OK'}"
219,"Sin referencia No. 385 SN-I HYLSA, Sin Nombre de Col 7, San Nicolás de los Garza, N.L., Mexico","C. Cabo San Lucas 3632, Rincón de La Primavera 5o Sector, 67174 Guadalupe, N.L., Mexico","{'distance': {'text': '15.1 km', 'value': 15051}, 'duration': {'text': '25 mins', 'value': 1520}, 'status': 'OK'}"
220,"Jdn. del Atardecer 259, Jardines de Monterrey ÌII, 66613 Cd Apodaca, N.L., Mexico","C. Cabo San Lucas 3632, Rincón de La Primavera 5o Sector, 67174 Guadalupe, N.L., Mexico","{'distance': {'text': '25.2 km', 'value': 25220}, 'duration': {'text': '32 mins', 'value': 1928}, 'status': 'OK'}"
221,"Av. Industria del Vidrio 224, Parque Industrial Martel II, 66350 Santa Catarina, N.L., Mexico","C. Cabo San Lucas 3632, Rincón de La Primavera 5o Sector, 67174 Guadalupe, N.L., Mexico","{'distance': {'text': '27.4 km', 'value': 27387}, 'duration': {'text': '29 mins', 'value': 1756}, 'status': 'OK'}"
222,"Prol Coahuila 919, Independencia, 64720 Monterrey, N.L., Mexico","C. Cabo San Lucas 3632, Rincón de La Primavera 5o Sector, 67174 Guadalupe, N.L., Mexico","{'distance': {'text': '7.7 km', 'value': 7668}, 'duration': {'text': '11 mins', 'value': 652}, 'status': 'OK'}"
223,"Cerro del Peñón 3504, Encinos de La Silla, 67182 Guadalupe, N.L., Mexico","C. Cabo San Lucas 3632, Rincón de La Primavera 5o Sector, 67174 Guadalupe, N.L., Mexico","{'distance': {'text': '7.5 km', 'value': 7537}, 'duration': {'text': '13 mins', 'value': 801}, 'status': 'OK'}"
224,"C. Cabo San Lucas 3632, Rincón de La Primavera 5o Sector, 67174 Guadalupe, N.L., Mexico","C. Cabo San Lucas 3632, Rincón de La Primavera 5o Sector, 67174 Guadalupe, N.L., Mexico","{'distance': {'text': '1 m', 'value': 0}, 'duration': {'text': '1 min', 'value': 0}, 'status': 'OK'}"
